Workbook

Sheet ℹ Instructions
B2: HOW TO USE THIS DASHBOARD
C6: STEP 1 | D6: Equipment Register
D7: Go to the '⚙ Equipment Register' sheet and list all your equipment. Fill in the Equipment Tag (e.g. P-101), name, area, category, criticality, and planned uptime hours per year. The Tag must be used consistently in the log.
C9: STEP 2 | D9: Log Each Breakdown
D10: Go to '📋 Downtime Log'. Fill in date, equipment tag, name, shift, start and end time of the breakdown. Downtime hours are calculated automatically. Select Failure Mode from the dropdown. Write a brief root cause and action taken.
C12: STEP 3 | D12: View the Dashboard
D13: Go to '📊 Dashboard'. All KPIs, Pareto charts, and the monthly trend table update automatically from your log data. No manual entry required.
C15: STEP 4 | D15: KPI Definitions
D16: OEE = Availability × Performance × Quality (approx). MTBF = (Planned hrs - Downtime) ÷ Incidents. MTTR = Total Downtime ÷ Incidents. Availability = (Planned hrs - Downtime) ÷ Planned hrs.
C18: STEP 5 | D18: Customise
D19: Change equipment names, tags, and planned hours in the Equipment Register. Add more rows in the Downtime Log as needed (copy the formula in column H). The Calculations sheet updates automatically — do not edit it.
C21: NOTE | D21: Failure Mode Dropdowns
D22: Failure modes available: Mechanical, Electrical, Hydraulic, Pneumatic, Lubrication, Wear, Corrosion, Vibration, Overheating, Operator Error, Unknown. Contact us if you need custom categories.
C24: SUPPORT | D24: Contact
D25: Template designed by Katleho Khoarane | Mechanical Engineer | Bloemfontein, ZA | linkedin.com/in/katleho-khoarane

Sheet 📊 Dashboard
B2: DOWNTIME TRACKING DASHBOARD
B4: OEE | C4: MTBF (hrs) | D4: MTTR (hrs) | E4: Availability % | F4: Downtime hrs | G4: # Incidents
B6: =IFERROR(Calculations!B2,"N/A") -> 0.8075 | C6: =IFERROR(Calculations!B3,"N/A") -> 0 | D6: =IFERROR(Calculations!B4,"N/A") -> 0 | E6: =IFERROR(Calculations!B5,"N/A") -> 1 | F6: =IFERROR(Calculations!B6,"N/A") -> 0 | G6: =IFERROR(Calculations!B7,"N/A") -> 0
B7: Overall Equip. Effectiveness | C7: Mean Time Between Failures | D7: Mean Time To Repair | E7: Total uptime / available time | F7: Total downtime this period | G7: Total events logged
B11: DOWNTIME BY EQUIPMENT | F11: DOWNTIME BY FAILURE MODE
B12: Equipment | C12: Downtime hrs | D12: % of Total | F12: Failure Mode | G12: Downtime hrs | H12: % of Total
B13: =IFERROR(Calculations!D3,"") -> P-101 | C13: =IFERROR(Calculations!E3,"") -> 0 | D13: =IFERROR(Calculations!F3,"") -> 0 | F13: =IFERROR(Calculations!H3,"") -> Mechanical | G13: =IFERROR(Calculations!I3,"") -> 0 | H13: =IFERROR(Calculations!J3,"") -> 0
B14: =IFERROR(Calculations!D4,"") -> P-102 | C14: =IFERROR(Calculations!E4,"") -> 0 | D14: =IFERROR(Calculations!F4,"") -> 0 | F14: =IFERROR(Calculations!H4,"") -> Electrical | G14: =IFERROR(Calculations!I4,"") -> 0 | H14: =IFERROR(Calculations!J4,"") -> 0
B15: =IFERROR(Calculations!D5,"") -> CV-001 | C15: =IFERROR(Calculations!E5,"") -> 0 | D15: =IFERROR(Calculations!F5,"") -> 0 | F15: =IFERROR(Calculations!H5,"") -> Hydraulic | G15: =IFERROR(Calculations!I5,"") -> 0 | H15: =IFERROR(Calculations!J5,"") -> 0
B16: =IFERROR(Calculations!D6,"") -> CV-002 | C16: =IFERROR(Calculations!E6,"") -> 0 | D16: =IFERROR(Calculations!F6,"") -> 0 | F16: =IFERROR(Calculations!H6,"") -> Pneumatic | G16: =IFERROR(Calculations!I6,"") -> 0 | H16: =IFERROR(Calculations!J6,"") -> 0
B17: =IFERROR(Calculations!D7,"") -> GB-001 | C17: =IFERROR(Calculations!E7,"") -> 0 | D17: =IFERROR(Calculations!F7,"") -> 0 | F17: =IFERROR(Calculations!H7,"") -> Lubrication | G17: =IFERROR(Calculations!I7,"") -> 0 | H17: =IFERROR(Calculations!J7,"") -> 0
B18: =IFERROR(Calculations!D8,"") -> GB-002 | C18: =IFERROR(Calculations!E8,"") -> 0 | D18: =IFERROR(Calculations!F8,"") -> 0 | F18: =IFERROR(Calculations!H8,"") -> Wear | G18: =IFERROR(Calculations!I8,"") -> 0 | H18: =IFERROR(Calculations!J8,"") -> 0
B19: =IFERROR(Calculations!D9,"") -> M-101 | C19: =IFERROR(Calculations!E9,"") -> 0 | D19: =IFERROR(Calculations!F9,"") -> 0 | F19: =IFERROR(Calculations!H9,"") -> Corrosion | G19: =IFERROR(Calculations!I9,"") -> 0 | H19: =IFERROR(Calculations!J9,"") -> 0
B20: =IFERROR(Calculations!D10,"") -> M-102 | C20: =IFERROR(Calculations!E10,"") -> 0 | D20: =IFERROR(Calculations!F10,"") -> 0 | F20: =IFERROR(Calculations!H10,"") -> Overheating | G20: =IFERROR(Calculations!I10,"") -> 0 | H20: =IFERROR(Calculations!J10,"") -> 0
B28: TOP 10 INCIDENTS (by Downtime) | F28: MONTHLY TREND — Downtime Hours
B29: Date | C29: Equipment | D29: Failure Mode | E29: Downtime hrs | F29: Month | G29: Downtime hrs | H29: # Incidents | I29: MTBF | J29: MTTR | K29: OEE
B30: =IFERROR(Calculations!M3,"") | C30: =IFERROR(Calculations!N3,"") | D30: =IFERROR(Calculations!O3,"") | E30: =IFERROR(Calculations!P3,"") | F30: =IFERROR(Calculations!T3,"") -> Jan | G30: =IFERROR(Calculations!U3,"") -> 0 | H30: =IFERROR(Calculations!V3,"") -> 0 | I30: =IFERROR(Calculations!W3,"") -> 0 | J30: =IFERROR(Calculations!X3,"") -> 0 | K30: =IFERROR(Calculations!Y3,"") -> 0.8075
B31: =IFERROR(Calculations!M4,"") | C31: =IFERROR(Calculations!N4,"") | D31: =IFERROR(Calculations!O4,"") | E31: =IFERROR(Calculations!P4,"") | F31: =IFERROR(Calculations!T4,"") -> Feb | G31: =IFERROR(Calculations!U4,"") -> 0 | H31: =IFERROR(Calculations!V4,"") -> 0 | I31: =IFERROR(Calculations!W4,"") -> 0 | J31: =IFERROR(Calculations!X4,"") -> 0 | K31: =IFERROR(Calculations!Y4,"") -> 0.8075
B32: =IFERROR(Calculations!M5,"") | C32: =IFERROR(Calculations!N5,"") | D32: =IFERROR(Calculations!O5,"") | E32: =IFERROR(Calculations!P5,"") | F32: =IFERROR(Calculations!T5,"") -> Mar | G32: =IFERROR(Calculations!U5,"") -> 0 | H32: =IFERROR(Calculations!V5,"") -> 0 | I32: =IFERROR(Calculations!W5,"") -> 0 | J32: =IFERROR(Calculations!X5,"") -> 0 | K32: =IFERROR(Calculations!Y5,"") -> 0.8075
B33: =IFERROR(Calculations!M6,"") | C33: =IFERROR(Calculations!N6,"") | D33: =IFERROR(Calculations!O6,"") | E33: =IFERROR(Calculations!P6,"") | F33: =IFERROR(Calculations!T6,"") -> Apr | G33: =IFERROR(Calculations!U6,"") -> 0 | H33: =IFERROR(Calculations!V6,"") -> 0 | I33: =IFERROR(Calculations!W6,"") -> 0 | J33: =IFERROR(Calculations!X6,"") -> 0 | K33: =IFERROR(Calculations!Y6,"") -> 0.8075
B34: =IFERROR(Calculations!M7,"") | C34: =IFERROR(Calculations!N7,"") | D34: =IFERROR(Calculations!O7,"") | E34: =IFERROR(Calculations!P7,"") | F34: =IFERROR(Calculations!T7,"") -> May | G34: =IFERROR(Calculations!U7,"") -> 0 | H34: =IFERROR(Calculations!V7,"") -> 0 | I34: =IFERROR(Calculations!W7,"") -> 0 | J34: =IFERROR(Calculations!X7,"") -> 0 | K34: =IFERROR(Calculations!Y7,"") -> 0.8075
B35: =IFERROR(Calculations!M8,"") | C35: =IFERROR(Calculations!N8,"") | D35: =IFERROR(Calculations!O8,"") | E35: =IFERROR(Calculations!P8,"") | F35: =IFERROR(Calculations!T8,"") -> Jun | G35: =IFERROR(Calculations!U8,"") -> 0 | H35: =IFERROR(Calculations!V8,"") -> 0 | I35: =IFERROR(Calculations!W8,"") -> 0 | J35: =IFERROR(Calculations!X8,"") -> 0 | K35: =IFERROR(Calculations!Y8,"") -> 0.8075
B36: =IFERROR(Calculations!M9,"") | C36: =IFERROR(Calculations!N9,"") | D36: =IFERROR(Calculations!O9,"") | E36: =IFERROR(Calculations!P9,"") | F36: =IFERROR(Calculations!T9,"") -> Jul | G36: =IFERROR(Calculations!U9,"") -> 0 | H36: =IFERROR(Calculations!V9,"") -> 0 | I36: =IFERROR(Calculations!W9,"") -> 0 | J36: =IFERROR(Calculations!X9,"") -> 0 | K36: =IFERROR(Calculations!Y9,"") -> 0.8075
B37: =IFERROR(Calculations!M10,"") | C37: =IFERROR(Calculations!N10,"") | D37: =IFERROR(Calculations!O10,"") | E37: =IFERROR(Calculations!P10,"") | F37: =IFERROR(Calculations!T10,"") -> Aug | G37: =IFERROR(Calculations!U10,"") -> 0 | H37: =IFERROR(Calculations!V10,"") -> 0 | I37: =IFERROR(Calculations!W10,"") -> 0 | J37: =IFERROR(Calculations!X10,"") -> 0 | K37: =IFERROR(Calculations!Y10,"") -> 0.8075
B38: =IFERROR(Calculations!M11,"") | C38: =IFERROR(Calculations!N11,"") | D38: =IFERROR(Calculations!O11,"") | E38: =IFERROR(Calculations!P11,"") | F38: =IFERROR(Calculations!T11,"") -> Sep | G38: =IFERROR(Calculations!U11,"") -> 0 | H38: =IFERROR(Calculations!V11,"") -> 0 | I38: =IFERROR(Calculations!W11,"") -> 0 | J38: =IFERROR(Calculations!X11,"") -> 0 | K38: =IFERROR(Calculations!Y11,"") -> 0.8075
B39: =IFERROR(Calculations!M12,"") | C39: =IFERROR(Calculations!N12,"") | D39: =IFERROR(Calculations!O12,"") | E39: =IFERROR(Calculations!P12,"") | F39: =IFERROR(Calculations!T12,"") -> Oct | G39: =IFERROR(Calculations!U12,"") -> 0 | H39: =IFERROR(Calculations!V12,"") -> 0 | I39: =IFERROR(Calculations!W12,"") -> 0 | J39: =IFERROR(Calculations!X12,"") -> 0 | K39: =IFERROR(Calculations!Y12,"") -> 0.8075
F40: =IFERROR(Calculations!T13,"") -> Nov | G40: =IFERROR(Calculations!U13,"") -> 0 | H40: =IFERROR(Calculations!V13,"") -> 0 | I40: =IFERROR(Calculations!W13,"") -> 0 | J40: =IFERROR(Calculations!X13,"") -> 0 | K40: =IFERROR(Calculations!Y13,"") -> 0.8075
F41: =IFERROR(Calculations!T14,"") -> Dec | G41: =IFERROR(Calculations!U14,"") -> 0 | H41: =IFERROR(Calculations!V14,"") -> 100 | I41: =IFERROR(Calculations!W14,"") -> 7 | J41: =IFERROR(Calculations!X14,"") -> 0 | K41: =IFERROR(Calculations!Y14,"") -> 0.8075

Sheet 📋 Downtime Log
B2: DOWNTIME LOG — Enter each breakdown event below
B3: ► Fill in ALL yellow cells. Date format: DD/MM/YYYY | Times in 24hr (e.g. 14:30) | Downtime auto-calculates from Start/End
B4: Date | C4: Equipment Tag | D4: Equipment Name | E4: Shift | F4: Start Time | G4: End Time | H4: Downtime (hrs) | I4: Failure Mode | J4: Root Cause | K4: Action Taken | L4: Work Order #
H5: =IFERROR(IF(AND(F5<>"",G5<>""),IF(G5>F5,(G5-F5)*24,(1-(F5-G5))*24),""),"—")
H6: =IFERROR(IF(AND(F6<>"",G6<>""),IF(G6>F6,(G6-F6)*24,(1-(F6-G6))*24),""),"—")
H7: =IFERROR(IF(AND(F7<>"",G7<>""),IF(G7>F7,(G7-F7)*24,(1-(F7-G7))*24),""),"—")
H8: =IFERROR(IF(AND(F8<>"",G8<>""),IF(G8>F8,(G8-F8)*24,(1-(F8-G8))*24),""),"—")
H9: =IFERROR(IF(AND(F9<>"",G9<>""),IF(G9>F9,(G9-F9)*24,(1-(F9-G9))*24),""),"—")
H10: =IFERROR(IF(AND(F10<>"",G10<>""),IF(G10>F10,(G10-F10)*24,(1-(F10-G10))*24),""),"—")
H11: =IFERROR(IF(AND(F11<>"",G11<>""),IF(G11>F11,(G11-F11)*24,(1-(F11-G11))*24),""),"—")
H12: =IFERROR(IF(AND(F12<>"",G12<>""),IF(G12>F12,(G12-F12)*24,(1-(F12-G12))*24),""),"—")
H13: =IFERROR(IF(AND(F13<>"",G13<>""),IF(G13>F13,(G13-F13)*24,(1-(F13-G13))*24),""),"—")
H14: =IFERROR(IF(AND(F14<>"",G14<>""),IF(G14>F14,(G14-F14)*24,(1-(F14-G14))*24),""),"—")
H15: =IFERROR(IF(AND(F15<>"",G15<>""),IF(G15>F15,(G15-F15)*24,(1-(F15-G15))*24),""),"—")
H16: =IFERROR(IF(AND(F16<>"",G16<>""),IF(G16>F16,(G16-F16)*24,(1-(F16-G16))*24),""),"—")
... H104: =IFERROR(IF(AND(F104<>"",G104<>""),IF(G104>F104,(G104-F104)*24,(1-(F104-G104))*24),""),"—")
B105: TOTALS | H105: =SUM(H5:H104) -> 0

Sheet ⚙ Equipment Register
B2: EQUIPMENT REGISTER
B3: ► Define all equipment here. The Equipment Tag must match exactly what you enter in the Downtime Log.
B4: Equipment Tag | C4: Equipment Name | D4: Area / Plant | E4: Category | F4: Criticality | G4: Install Date | H4: Planned Uptime (hrs/yr) | I4: Notes
B5: P-101 | C5: Feed Pump | D5: Concentrator | E5: Pump | F5: A | H5: 8400
B6: P-102 | C6: Tailings Pump | D6: Tailings Dam | E6: Pump | F6: B | H6: 8400
B7: CV-001 | C7: Primary Conveyor | D7: ROM Pad | E7: Conveyor | F7: A | H7: 8736
B8: CV-002 | C8: Overland Conveyor | D8: Overland | E8: Conveyor | F8: A | H8: 8736
B9: GB-001 | C9: Crusher Gearbox | D9: Crushing | E9: Gearbox | F9: A | H9: 8400
B10: GB-002 | C10: Mill Gearbox | D10: Milling | E10: Gearbox | F10: A | H10: 8400
B11: M-101 | C11: Primary Crusher | D11: Crushing | E11: Crusher | F11: A | H11: 8000
B12: M-102 | C12: Ball Mill | D12: Milling | E12: Mill | F12: A | H12: 8000
B13: C-101 | C13: Air Compressor | D13: Utilities | E13: Compressor | F13: B | H13: 8760
B14: FN-001 | C14: Cooling Fan | D14: Process | E14: Fan | F14: C | H14: 8760

Sheet Calculations
A1: KPI | B1: Value | D1: Equipment | E1: Downtime | F1: % Total | H1: Failure Mode | I1: Downtime | J1: % Total | M1: Date | N1: Equipment | O1: Failure | P1: Downtime | Q1: Shift | R1: WO# | T1: Month | U1: Downtime | V1: Incidents | W1: MTBF | X1: MTTR | Y1: OEE
A2: OEE | B2: =IFERROR(B5*0.85*0.95,0) -> 0.8075
A3: MTBF | B3: =IFERROR((B8-B6)/B7,0) -> 0 | D3: P-101 | E3: =SUMIF('📋 Downtime Log'!C5:C104,D3,'📋 Downtime Log'!H5:H104) -> 0 | F3: =IFERROR(E3/SUM(E3:E10),0) -> 0 | H3: Mechanical | I3: =SUMIF('📋 Downtime Log'!I5:I104,H3,'📋 Downtime Log'!H5:H104) -> 0 | J3: =IFERROR(I3/SUM(I3:I10),0) -> 0 | M3: =IFERROR(INDEX('📋 Downtime Log'!B5:B104,MATCH(LARGE('📋 Downtime Log'!H5:H104,1),'📋 Downtime Log'!H5:H104,0)),"") | N3: =IFERROR(INDEX('📋 Downtime Log'!C5:C104,MATCH(LARGE('📋 Downtime Log'!H5:H104,1),'📋 Downtime Log'!H5:H104,0)),"") | O3: =IFERROR(INDEX('📋 Downtime Log'!I5:I104,MATCH(LARGE('📋 Downtime Log'!H5:H104,1),'📋 Downtime Log'!H5:H104,0)),"") | P3: =IFERROR(LARGE('📋 Downtime Log'!H5:H104,1),"") | Q3: =IFERROR(INDEX('📋 Downtime Log'!E5:E104,MATCH(LARGE('📋 Downtime Log'!H5:H104,1),'📋 Downtime Log'!H5:H104,0)),"") | R3: =IFERROR(INDEX('📋 Downtime Log'!L5:L104,MATCH(LARGE('📋 Downtime Log'!H5:H104,1),'📋 Downtime Log'!H5:H104,0)),"") | T3: Jan | U3: =IFERROR(SUMPRODUCT((TEXT('📋 Downtime Log'!B5:B104,"MMM")="Jan")*('📋 Downtime Log'!H5:H104)),0) -> 0 | V3: =IFERROR(SUMPRODUCT((TEXT('📋 Downtime Log'!B5:B104,"MMM")="Jan")*1),0) -> 0 | W3: =IFERROR((700-U3)/V3,0) -> 0 | X3: =IFERROR(U3/V3,0) -> 0 | Y3: =IFERROR((700-U3)/700*0.85*0.95,0) -> 0.8075
A4: MTTR | B4: =IFERROR(B6/B7,0) -> 0 | D4: P-102 | E4: =SUMIF('📋 Downtime Log'!C5:C104,D4,'📋 Downtime Log'!H5:H104) -> 0 | F4: =IFERROR(E4/SUM(E3:E10),0) -> 0 | H4: Electrical | I4: =SUMIF('📋 Downtime Log'!I5:I104,H4,'📋 Downtime Log'!H5:H104) -> 0 | J4: =IFERROR(I4/SUM(I3:I10),0) -> 0 | M4: =IFERROR(INDEX('📋 Downtime Log'!B5:B104,MATCH(LARGE('📋 Downtime Log'!H5:H104,2),'📋 Downtime Log'!H5:H104,0)),"") | N4: =IFERROR(INDEX('📋 Downtime Log'!C5:C104,MATCH(LARGE('📋 Downtime Log'!H5:H104,2),'📋 Downtime Log'!H5:H104,0)),"") | O4: =IFERROR(INDEX('📋 Downtime Log'!I5:I104,MATCH(LARGE('📋 Downtime Log'!H5:H104,2),'📋 Downtime Log'!H5:H104,0)),"") | P4: =IFERROR(LARGE('📋 Downtime Log'!H5:H104,2),"") | Q4: =IFERROR(INDEX('📋 Downtime Log'!E5:E104,MATCH(LARGE('📋 Downtime Log'!H5:H104,2),'📋 Downtime Log'!H5:H104,0)),"") | R4: =IFERROR(INDEX('📋 Downtime Log'!L5:L104,MATCH(LARGE('📋 Downtime Log'!H5:H104,2),'📋 Downtime Log'!H5:H104,0)),"") | T4: Feb | U4: =IFERROR(SUMPRODUCT((TEXT('📋 Downtime Log'!B5:B104,"MMM")="Feb")*('📋 Downtime Log'!H5:H104)),0) -> 0 | V4: =IFERROR(SUMPRODUCT((TEXT('📋 Downtime Log'!B5:B104,"MMM")="Feb")*1),0) -> 0 | W4: =IFERROR((700-U4)/V4,0) -> 0 | X4: =IFERROR(U4/V4,0) -> 0 | Y4: =IFERROR((700-U4)/700*0.85*0.95,0) -> 0.8075
A5: Availability % | B5: =IFERROR((B8-B6)/B8,0) -> 1 | D5: CV-001 | E5: =SUMIF('📋 Downtime Log'!C5:C104,D5,'📋 Downtime Log'!H5:H104) -> 0 | F5: =IFERROR(E5/SUM(E3:E10),0) -> 0 | H5: Hydraulic | I5: =SUMIF('📋 Downtime Log'!I5:I104,H5,'📋 Downtime Log'!H5:H104) -> 0 | J5: =IFERROR(I5/SUM(I3:I10),0) -> 0 | M5: =IFERROR(INDEX('📋 Downtime Log'!B5:B104,MATCH(LARGE('📋 Downtime Log'!H5:H104,3),'📋 Downtime Log'!H5:H104,0)),"") | N5: =IFERROR(INDEX('📋 Downtime Log'!C5:C104,MATCH(LARGE('📋 Downtime Log'!H5:H104,3),'📋 Downtime Log'!H5:H104,0)),"") | O5: =IFERROR(INDEX('📋 Downtime Log'!I5:I104,MATCH(LARGE('📋 Downtime Log'!H5:H104,3),'📋 Downtime Log'!H5:H104,0)),"") | P5: =IFERROR(LARGE('📋 Downtime Log'!H5:H104,3),"") | Q5: =IFERROR(INDEX('📋 Downtime Log'!E5:E104,MATCH(LARGE('📋 Downtime Log'!H5:H104,3),'📋 Downtime Log'!H5:H104,0)),"") | R5: =IFERROR(INDEX('📋 Downtime Log'!L5:L104,MATCH(LARGE('📋 Downtime Log'!H5:H104,3),'📋 Downtime Log'!H5:H104,0)),"") | T5: Mar | U5: =IFERROR(SUMPRODUCT((TEXT('📋 Downtime Log'!B5:B104,"MMM")="Mar")*('📋 Downtime Log'!H5:H104)),0) -> 0 | V5: =IFERROR(SUMPRODUCT((TEXT('📋 Downtime Log'!B5:B104,"MMM")="Mar")*1),0) -> 0 | W5: =IFERROR((700-U5)/V5,0) -> 0 | X5: =IFERROR(U5/V5,0) -> 0 | Y5: =IFERROR((700-U5)/700*0.85*0.95,0) -> 0.8075
A6: Total Downtime | B6: ='📋 Downtime Log'!H105 -> 0 | D6: CV-002 | E6: =SUMIF('📋 Downtime Log'!C5:C104,D6,'📋 Downtime Log'!H5:H104) -> 0 | F6: =IFERROR(E6/SUM(E3:E10),0) -> 0 | H6: Pneumatic | I6: =SUMIF('📋 Downtime Log'!I5:I104,H6,'📋 Downtime Log'!H5:H104) -> 0 | J6: =IFERROR(I6/SUM(I3:I10),0) -> 0 | M6: =IFERROR(INDEX('📋 Downtime Log'!B5:B104,MATCH(LARGE('📋 Downtime Log'!H5:H104,4),'📋 Downtime Log'!H5:H104,0)),"") | N6: =IFERROR(INDEX('📋 Downtime Log'!C5:C104,MATCH(LARGE('📋 Downtime Log'!H5:H104,4),'📋 Downtime Log'!H5:H104,0)),"") | O6: =IFERROR(INDEX('📋 Downtime Log'!I5:I104,MATCH(LARGE('📋 Downtime Log'!H5:H104,4),'📋 Downtime Log'!H5:H104,0)),"") | P6: =IFERROR(LARGE('📋 Downtime Log'!H5:H104,4),"") | Q6: =IFERROR(INDEX('📋 Downtime Log'!E5:E104,MATCH(LARGE('📋 Downtime Log'!H5:H104,4),'📋 Downtime Log'!H5:H104,0)),"") | R6: =IFERROR(INDEX('📋 Downtime Log'!L5:L104,MATCH(LARGE('📋 Downtime Log'!H5:H104,4),'📋 Downtime Log'!H5:H104,0)),"") | T6: Apr | U6: =IFERROR(SUMPRODUCT((TEXT('📋 Downtime Log'!B5:B104,"MMM")="Apr")*('📋 Downtime Log'!H5:H104)),0) -> 0 | V6: =IFERROR(SUMPRODUCT((TEXT('📋 Downtime Log'!B5:B104,"MMM")="Apr")*1),0) -> 0 | W6: =IFERROR((700-U6)/V6,0) -> 0 | X6: =IFERROR(U6/V6,0) -> 0 | Y6: =IFERROR((700-U6)/700*0.85*0.95,0) -> 0.8075
A7: Incident Count | B7: ='📋 Downtime Log'!I105 -> 0 | D7: GB-001 | E7: =SUMIF('📋 Downtime Log'!C5:C104,D7,'📋 Downtime Log'!H5:H104) -> 0 | F7: =IFERROR(E7/SUM(E3:E10),0) -> 0 | H7: Lubrication | I7: =SUMIF('📋 Downtime Log'!I5:I104,H7,'📋 Downtime Log'!H5:H104) -> 0 | J7: =IFERROR(I7/SUM(I3:I10),0) -> 0 | M7: =IFERROR(INDEX('📋 Downtime Log'!B5:B104,MATCH(LARGE('📋 Downtime Log'!H5:H104,5),'📋 Downtime Log'!H5:H104,0)),"") | N7: =IFERROR(INDEX('📋 Downtime Log'!C5:C104,MATCH(LARGE('📋 Downtime Log'!H5:H104,5),'📋 Downtime Log'!H5:H104,0)),"") | O7: =IFERROR(INDEX('📋 Downtime Log'!I5:I104,MATCH(LARGE('📋 Downtime Log'!H5:H104,5),'📋 Downtime Log'!H5:H104,0)),"") | P7: =IFERROR(LARGE('📋 Downtime Log'!H5:H104,5),"") | Q7: =IFERROR(INDEX('📋 Downtime Log'!E5:E104,MATCH(LARGE('📋 Downtime Log'!H5:H104,5),'📋 Downtime Log'!H5:H104,0)),"") | R7: =IFERROR(INDEX('📋 Downtime Log'!L5:L104,MATCH(LARGE('📋 Downtime Log'!H5:H104,5),'📋 Downtime Log'!H5:H104,0)),"") | T7: May | U7: =IFERROR(SUMPRODUCT((TEXT('📋 Downtime Log'!B5:B104,"MMM")="May")*('📋 Downtime Log'!H5:H104)),0) -> 0 | V7: =IFERROR(SUMPRODUCT((TEXT('📋 Downtime Log'!B5:B104,"MMM")="May")*1),0) -> 0 | W7: =IFERROR((700-U7)/V7,0) -> 0 | X7: =IFERROR(U7/V7,0) -> 0 | Y7: =IFERROR((700-U7)/700*0.85*0.95,0) -> 0.8075
A8: Planned Hours | B8: =SUMIF('⚙ Equipment Register'!B5:B44,"<>""",'⚙ Equipment Register'!H5:H44) -> 84592 | D8: GB-002 | E8: =SUMIF('📋 Downtime Log'!C5:C104,D8,'📋 Downtime Log'!H5:H104) -> 0 | F8: =IFERROR(E8/SUM(E3:E10),0) -> 0 | H8: Wear | I8: =SUMIF('📋 Downtime Log'!I5:I104,H8,'📋 Downtime Log'!H5:H104) -> 0 | J8: =IFERROR(I8/SUM(I3:I10),0) -> 0 | M8: =IFERROR(INDEX('📋 Downtime Log'!B5:B104,MATCH(LARGE('📋 Downtime Log'!H5:H104,6),'📋 Downtime Log'!H5:H104,0)),"") | N8: =IFERROR(INDEX('📋 Downtime Log'!C5:C104,MATCH(LARGE('📋 Downtime Log'!H5:H104,6),'📋 Downtime Log'!H5:H104,0)),"") | O8: =IFERROR(INDEX('📋 Downtime Log'!I5:I104,MATCH(LARGE('📋 Downtime Log'!H5:H104,6),'📋 Downtime Log'!H5:H104,0)),"") | P8: =IFERROR(LARGE('📋 Downtime Log'!H5:H104,6),"") | Q8: =IFERROR(INDEX('📋 Downtime Log'!E5:E104,MATCH(LARGE('📋 Downtime Log'!H5:H104,6),'📋 Downtime Log'!H5:H104,0)),"") | R8: =IFERROR(INDEX('📋 Downtime Log'!L5:L104,MATCH(LARGE('📋 Downtime Log'!H5:H104,6),'📋 Downtime Log'!H5:H104,0)),"") | T8: Jun | U8: =IFERROR(SUMPRODUCT((TEXT('📋 Downtime Log'!B5:B104,"MMM")="Jun")*('📋 Downtime Log'!H5:H104)),0) -> 0 | V8: =IFERROR(SUMPRODUCT((TEXT('📋 Downtime Log'!B5:B104,"MMM")="Jun")*1),0) -> 0 | W8: =IFERROR((700-U8)/V8,0) -> 0 | X8: =IFERROR(U8/V8,0) -> 0 | Y8: =IFERROR((700-U8)/700*0.85*0.95,0) -> 0.8075
D9: M-101 | E9: =SUMIF('📋 Downtime Log'!C5:C104,D9,'📋 Downtime Log'!H5:H104) -> 0 | F9: =IFERROR(E9/SUM(E3:E10),0) -> 0 | H9: Corrosion | I9: =SUMIF('📋 Downtime Log'!I5:I104,H9,'📋 Downtime Log'!H5:H104) -> 0 | J9: =IFERROR(I9/SUM(I3:I10),0) -> 0 | M9: =IFERROR(INDEX('📋 Downtime Log'!B5:B104,MATCH(LARGE('📋 Downtime Log'!H5:H104,7),'📋 Downtime Log'!H5:H104,0)),"") | N9: =IFERROR(INDEX('📋 Downtime Log'!C5:C104,MATCH(LARGE('📋 Downtime Log'!H5:H104,7),'📋 Downtime Log'!H5:H104,0)),"") | O9: =IFERROR(INDEX('📋 Downtime Log'!I5:I104,MATCH(LARGE('📋 Downtime Log'!H5:H104,7),'📋 Downtime Log'!H5:H104,0)),"") | P9: =IFERROR(LARGE('📋 Downtime Log'!H5:H104,7),"") | Q9: =IFERROR(INDEX('📋 Downtime Log'!E5:E104,MATCH(LARGE('📋 Downtime Log'!H5:H104,7),'📋 Downtime Log'!H5:H104,0)),"") | R9: =IFERROR(INDEX('📋 Downtime Log'!L5:L104,MATCH(LARGE('📋 Downtime Log'!H5:H104,7),'📋 Downtime Log'!H5:H104,0)),"") | T9: Jul | U9: =IFERROR(SUMPRODUCT((TEXT('📋 Downtime Log'!B5:B104,"MMM")="Jul")*('📋 Downtime Log'!H5:H104)),0) -> 0 | V9: =IFERROR(SUMPRODUCT((TEXT('📋 Downtime Log'!B5:B104,"MMM")="Jul")*1),0) -> 0 | W9: =IFERROR((700-U9)/V9,0) -> 0 | X9: =IFERROR(U9/V9,0) -> 0 | Y9: =IFERROR((700-U9)/700*0.85*0.95,0) -> 0.8075
D10: M-102 | E10: =SUMIF('📋 Downtime Log'!C5:C104,D10,'📋 Downtime Log'!H5:H104) -> 0 | F10: =IFERROR(E10/SUM(E3:E10),0) -> 0 | H10: Overheating | I10: =SUMIF('📋 Downtime Log'!I5:I104,H10,'📋 Downtime Log'!H5:H104) -> 0 | J10: =IFERROR(I10/SUM(I3:I10),0) -> 0 | M10: =IFERROR(INDEX('📋 Downtime Log'!B5:B104,MATCH(LARGE('📋 Downtime Log'!H5:H104,8),'📋 Downtime Log'!H5:H104,0)),"") | N10: =IFERROR(INDEX('📋 Downtime Log'!C5:C104,MATCH(LARGE('📋 Downtime Log'!H5:H104,8),'📋 Downtime Log'!H5:H104,0)),"") | O10: =IFERROR(INDEX('📋 Downtime Log'!I5:I104,MATCH(LARGE('📋 Downtime Log'!H5:H104,8),'📋 Downtime Log'!H5:H104,0)),"") | P10: =IFERROR(LARGE('📋 Downtime Log'!H5:H104,8),"") | Q10: =IFERROR(INDEX('📋 Downtime Log'!E5:E104,MATCH(LARGE('📋 Downtime Log'!H5:H104,8),'📋 Downtime Log'!H5:H104,0)),"") | R10: =IFERROR(INDEX('📋 Downtime Log'!L5:L104,MATCH(LARGE('📋 Downtime Log'!H5:H104,8),'📋 Downtime Log'!H5:H104,0)),"") | T10: Aug | U10: =IFERROR(SUMPRODUCT((TEXT('📋 Downtime Log'!B5:B104,"MMM")="Aug")*('📋 Downtime Log'!H5:H104)),0) -> 0 | V10: =IFERROR(SUMPRODUCT((TEXT('📋 Downtime Log'!B5:B104,"MMM")="Aug")*1),0) -> 0 | W10: =IFERROR((700-U10)/V10,0) -> 0 | X10: =IFERROR(U10/V10,0) -> 0 | Y10: =IFERROR((700-U10)/700*0.85*0.95,0) -> 0.8075
M11: =IFERROR(INDEX('📋 Downtime Log'!B5:B104,MATCH(LARGE('📋 Downtime Log'!H5:H104,9),'📋 Downtime Log'!H5:H104,0)),"") | N11: =IFERROR(INDEX('📋 Downtime Log'!C5:C104,MATCH(LARGE('📋 Downtime Log'!H5:H104,9),'📋 Downtime Log'!H5:H104,0)),"") | O11: =IFERROR(INDEX('📋 Downtime Log'!I5:I104,MATCH(LARGE('📋 Downtime Log'!H5:H104,9),'📋 Downtime Log'!H5:H104,0)),"") | P11: =IFERROR(LARGE('📋 Downtime Log'!H5:H104,9),"") | Q11: =IFERROR(INDEX('📋 Downtime Log'!E5:E104,MATCH(LARGE('📋 Downtime Log'!H5:H104,9),'📋 Downtime Log'!H5:H104,0)),"") | R11: =IFERROR(INDEX('📋 Downtime Log'!L5:L104,MATCH(LARGE('📋 Downtime Log'!H5:H104,9),'📋 Downtime Log'!H5:H104,0)),"") | T11: Sep | U11: =IFERROR(SUMPRODUCT((TEXT('📋 Downtime Log'!B5:B104,"MMM")="Sep")*('📋 Downtime Log'!H5:H104)),0) -> 0 | V11: =IFERROR(SUMPRODUCT((TEXT('📋 Downtime Log'!B5:B104,"MMM")="Sep")*1),0) -> 0 | W11: =IFERROR((700-U11)/V11,0) -> 0 | X11: =IFERROR(U11/V11,0) -> 0 | Y11: =IFERROR((700-U11)/700*0.85*0.95,0) -> 0.8075
M12: =IFERROR(INDEX('📋 Downtime Log'!B5:B104,MATCH(LARGE('📋 Downtime Log'!H5:H104,10),'📋 Downtime Log'!H5:H104,0)),"") | N12: =IFERROR(INDEX('📋 Downtime Log'!C5:C104,MATCH(LARGE('📋 Downtime Log'!H5:H104,10),'📋 Downtime Log'!H5:H104,0)),"") | O12: =IFERROR(INDEX('📋 Downtime Log'!I5:I104,MATCH(LARGE('📋 Downtime Log'!H5:H104,10),'📋 Downtime Log'!H5:H104,0)),"") | P12: =IFERROR(LARGE('📋 Downtime Log'!H5:H104,10),"") | Q12: =IFERROR(INDEX('📋 Downtime Log'!E5:E104,MATCH(LARGE('📋 Downtime Log'!H5:H104,10),'📋 Downtime Log'!H5:H104,0)),"") | R12: =IFERROR(INDEX('📋 Downtime Log'!L5:L104,MATCH(LARGE('📋 Downtime Log'!H5:H104,10),'📋 Downtime Log'!H5:H104,0)),"") | T12: Oct | U12: =IFERROR(SUMPRODUCT((TEXT('📋 Downtime Log'!B5:B104,"MMM")="Oct")*('📋 Downtime Log'!H5:H104)),0) -> 0 | V12: =IFERROR(SUMPRODUCT((TEXT('📋 Downtime Log'!B5:B104,"MMM")="Oct")*1),0) -> 0 | W12: =IFERROR((700-U12)/V12,0) -> 0 | X12: =IFERROR(U12/V12,0) -> 0 | Y12: =IFERROR((700-U12)/700*0.85*0.95,0) -> 0.8075
T13: Nov | U13: =IFERROR(SUMPRODUCT((TEXT('📋 Downtime Log'!B5:B104,"MMM")="Nov")*('📋 Downtime Log'!H5:H104)),0) -> 0 | V13: =IFERROR(SUMPRODUCT((TEXT('📋 Downtime Log'!B5:B104,"MMM")="Nov")*1),0) -> 0 | W13: =IFERROR((700-U13)/V13,0) -> 0 | X13: =IFERROR(U13/V13,0) -> 0 | Y13: =IFERROR((700-U13)/700*0.85*0.95,0) -> 0.8075
T14: Dec | U14: =IFERROR(SUMPRODUCT((TEXT('📋 Downtime Log'!B5:B104,"MMM")="Dec")*('📋 Downtime Log'!H5:H104)),0) -> 0 | V14: =IFERROR(SUMPRODUCT((TEXT('📋 Downtime Log'!B5:B104,"MMM")="Dec")*1),0) -> 100 | W14: =IFERROR((700-U14)/V14,0) -> 7 | X14: =IFERROR(U14/V14,0) -> 0 | Y14: =IFERROR((700-U14)/700*0.85*0.95,0) -> 0.8075
