Workbook

Sheet ℹ Instructions
B2: MAINTENANCE PLANNING TOOL — USER GUIDE
B5: OVERVIEW
C6: This workbook contains 5 sheets: Instructions, Annual Planner (Gantt), Work Order Register, Resource Allocation, and KPI Summary. All sheets link together automatically.
B8: STEP 1 — Settings
C9: Go to the 'Settings' tab. Enter your facility name, planning year, total planned hours per month, and the list of technicians. These feed into the Resource sheet.
B11: STEP 2 — Annual Planner
C12: Go to '📅 Annual Planner'. Add each maintenance task: enter the Task ID, description, equipment tag, type (PM/PdM/CBM/Overhaul), responsible person, planned start week, and duration in weeks. The Gantt bars fill automatically.
B14: STEP 3 — Work Orders
C15: Go to '📋 Work Orders'. Log each work order as it is raised: WO number, linked task, equipment, priority, status, estimated and actual hours, and cost. Status dropdown controls the row colour (Planned / In Progress / Complete / Overdue / Cancelled).
B17: STEP 4 — Resource Allocation
C18: Go to '👥 Resources'. This sheet shows planned hours per technician per month, compared to their available hours. Over-allocated months are highlighted in red automatically.
B20: STEP 5 — KPI Summary
C21: Go to '📊 KPIs'. All metrics (PM Compliance, Schedule Adherence, Backlog, Cost Variance) calculate automatically from the Work Order sheet. No manual entry needed.
B23: COLOUR CODING
C24: Yellow cells = manual input required. Blue cells = auto-calculated (do not edit). Green rows = Complete. Red rows = Overdue. Orange rows = In Progress. Gantt bars: dark fill = planned window, green fill = complete.
B26: CONTACT
C27: Template by Katleho Khoarane | Mechanical Engineer | MEng Candidate — CUT | Turbomachinery · Mining · Energy | linkedin.com/in/katleho-khoarane

Sheet ⚙ Settings
B2: SETTINGS — Edit yellow cells only
B4: Facility Name | C4: Acme Mining — Plant A
B5: Planning Year | C5: 2025
B6: Total weeks in year | C6: 52
B7: Std hours/day | C7: 8
B8: Std working days/month | C8: 22
B10: TECHNICIANS (one per row below)
B11: T. Mokoena
B12: S. Dlamini
B13: R. Botha
B14: K. Sithole
B15: J. van Wyk
B16: A. Mahlangu
B19: NAMED_TECH_START

Sheet 📅 Annual Planner
B2: ANNUAL MAINTENANCE PLANNER — GANTT VIEW
K3: JAN | O3: FEB | S3: MAR | X3: APR | AB3: MAY | AF3: JUN | AJ3: JUL | AO3: AUG | AS3: SEP | AW3: OCT | BB3: NOV | BF3: DEC
B4: Task ID | C4: Description | D4: Equipment | E4: Type | F4: Responsible | G4: Start Week | H4: Duration (wks) | I4: Status | J4: Priority | K4: 1 | L4: 2 | M4: 3 | N4: 4 | O4: 5 | P4: 6 | Q4: 7 | R4: 8 | S4: 9 | T4: 10 | U4: 11 | V4: 12 | W4: 13 | X4: 14 | Y4: 15 | Z4: 16 | AA4: 17 | AB4: 18 | AC4: 19 | AD4: 20 | AE4: 21 | AF4: 22 | AG4: 23 | AH4: 24 | AI4: 25 | AJ4: 26 | AK4: 27 | AL4: 28 | AM4: 29 | AN4: 30 | AO4: 31 | AP4: 32 | AQ4: 33 | AR4: 34 | AS4: 35 | AT4: 36 | AU4: 37 | AV4: 38 | AW4: 39 | AX4: 40 | AY4: 41 | AZ4: 42 | BA4: 43 | BB4: 44 | BC4: 45 | BD4: 46 | BE4: 47 | BF4: 48 | BG4: 49 | BH4: 50 | BI4: 51 | BJ4: 52
B5: T-001 | C5: 30,000hr PM — Feed Pump P-101 | D5: P-101 | E5: PM | F5: T. Mokoena | G5: 1 | H5: 1 | I5: Planned | J5: High | K5: █
B6: T-002 | C6: Gearbox oil change — GB-001 | D6: GB-001 | E6: PM | F6: S. Dlamini | G6: 2 | H6: 1 | I6: Planned | J6: Medium | L6: █
B7: T-003 | C7: Conveyor belt inspection — CV-001 | D7: CV-001 | E7: Inspection | F7: R. Botha | G7: 3 | H7: 1 | I7: Planned | J7: High | M7: █
B8: T-004 | C8: Vibration analysis — M-101 | D8: M-101 | E8: PdM | F8: K. Sithole | G8: 4 | H8: 1 | I8: Planned | J8: High | N8: █
B9: T-005 | C9: Crusher overhaul | D9: M-101 | E9: Overhaul | F9: T. Mokoena | G9: 5 | H9: 4 | I9: Planned | J9: Critical | O9: █ | P9: █ | Q9: █ | R9: █
B10: T-006 | C10: Lubrication round — all pumps | D10: P-101 | E10: Lubrication | F10: J. van Wyk | G10: 1 | H10: 1 | I10: Planned | J10: Low | K10: █
B11: T-007 | C11: Ball mill liner replacement | D11: M-102 | E11: Overhaul | F11: A. Mahlangu | G11: 12 | H11: 3 | I11: Planned | J11: Critical | V11: █ | W11: █ | X11: █
B12: T-008 | C12: Cooling fan bearing replacement | D12: FN-001 | E12: PM | F12: R. Botha | G12: 8 | H12: 1 | I12: Planned | J12: Medium | R12: █
B13: T-009 | C13: Compressor valve overhaul | D13: C-101 | E13: Overhaul | F13: S. Dlamini | G13: 16 | H13: 2 | I13: Planned | J13: High | Z13: █ | AA13: █
B14: T-010 | C14: Tailings pump impeller check | D14: P-102 | E14: Inspection | F14: K. Sithole | G14: 20 | H14: 1 | I14: Planned | J14: Medium | AD14: █
B15: T-011 | C15: Conveyor CV-002 belt tension | D15: CV-002 | E15: PM | F15: J. van Wyk | G15: 24 | H15: 1 | I15: Planned | J15: Low | AH15: █
B16: T-012 | C16: Gearbox GB-002 oil analysis | D16: GB-002 | E16: PdM | F16: T. Mokoena | G16: 26 | H16: 1 | I16: Planned | J16: Medium | AJ16: █
B17: T-013 | C17: Motor alignment check — M-101 | D17: M-101 | E17: Inspection | F17: A. Mahlangu | G17: 30 | H17: 1 | I17: Planned | J17: High | AN17: █
B18: T-014 | C18: Annual safety valve test | D18: C-101 | E18: Inspection | F18: S. Dlamini | G18: 40 | H18: 1 | I18: Planned | J18: Critical | AX18: █
B19: T-015 | C19: Year-end full facility inspection | D19: ALL | E19: Inspection | F19: T. Mokoena | G19: 50 | H19: 2 | I19: Planned | J19: Critical | BH19: █ | BI19: █
B57: LEGEND — Task Type: | C57: PM | D57: PdM | E57: CBM | F57: Overhaul | G57: Inspection | H57: Lubrication | I57: Calibration

Sheet 📋 Work Orders
B2: WORK ORDER REGISTER
B3: ► Yellow cells = manual input | Blue cells = auto-calculated | Status dropdown controls row colour
B4: WO Number | C4: Task ID | D4: Description | E4: Equipment | F4: Priority | G4: Status | H4: Assigned To | I4: Planned Date | J4: Completion Date | K4: Est. Hours | L4: Actual Hours | M4: Est. Cost (R)
B5: WO-2025-001 | C5: T-001 | D5: 30,000hr PM — Feed Pump P-101 | E5: P-101 | F5: High | G5: Planned | H5: T. Mokoena | K5: 8 | L5: 0 | M5: 3500
B6: WO-2025-002 | C6: T-002 | D6: Gearbox oil change GB-001 | E6: GB-001 | F6: Medium | G6: Planned | H6: S. Dlamini | K6: 4 | L6: 0 | M6: 800
B7: WO-2025-003 | C7: T-003 | D7: Conveyor belt inspection CV-001 | E7: CV-001 | F7: High | G7: Planned | H7: R. Botha | K7: 6 | L7: 0 | M7: 1200
B8: WO-2025-004 | C8: T-004 | D8: Vibration analysis M-101 | E8: M-101 | F8: High | G8: Planned | H8: K. Sithole | K8: 3 | L8: 0 | M8: 500
B9: WO-2025-005 | C9: T-005 | D9: Crusher overhaul | E9: M-101 | F9: Critical | G9: Planned | H9: T. Mokoena | K9: 80 | L9: 0 | M9: 45000
B10: WO-2025-006 | C10: T-006 | D10: Lubrication round — all pumps | E10: P-101 | F10: Low | G10: Planned | H10: J. van Wyk | K10: 4 | L10: 0 | M10: 300
B11: WO-2025-007 | C11: T-007 | D11: Ball mill liner replacement | E11: M-102 | F11: Critical | G11: Planned | H11: A. Mahlangu | K11: 60 | L11: 0 | M11: 38000
B12: WO-2025-008 | C12: T-008 | D12: Cooling fan bearing replacement | E12: FN-001 | F12: Medium | G12: Planned | H12: R. Botha | K12: 8 | L12: 0 | M12: 2200
B13: WO-2025-009 | C13: T-009 | D13: Compressor valve overhaul | E13: C-101 | F13: High | G13: Planned | H13: S. Dlamini | K13: 16 | L13: 0 | M13: 9500
B14: WO-2025-010 | C14: T-010 | D14: Tailings pump impeller check | E14: P-102 | F14: Medium | G14: Planned | H14: K. Sithole | K14: 6 | L14: 0 | M14: 1800
B105: TOTALS | K105: =SUM(K5:K104) -> 195 | L105: =SUM(L5:L104) -> 0 | M105: =SUM(M5:M104) -> 102800

Sheet 👥 Resources
B2: RESOURCE ALLOCATION — Hours per Technician per Month
B4: Technician | C4: Jan | D4: Feb | E4: Mar | F4: Apr | G4: May | H4: Jun | I4: Jul | J4: Aug | K4: Sep | L4: Oct | M4: Nov | N4: Dec | O4: TOTAL
B5: T. Mokoena | C5: 0 | D5: 0 | E5: 0 | F5: 0 | G5: 0 | H5: 0 | I5: 0 | J5: 0 | K5: 0 | L5: 0 | M5: 0 | N5: 0 | O5: =SUM(C5:N5) -> 0
B6: Available hrs | C6: 176 | D6: 176 | E6: 176 | F6: 176 | G6: 176 | H6: 176 | I6: 176 | J6: 176 | K6: 176 | L6: 176 | M6: 176 | N6: 176 | O6: =176*12 -> 2112
B8: S. Dlamini | C8: 0 | D8: 0 | E8: 0 | F8: 0 | G8: 0 | H8: 0 | I8: 0 | J8: 0 | K8: 0 | L8: 0 | M8: 0 | N8: 0 | O8: =SUM(C8:N8) -> 0
B9: Available hrs | C9: 176 | D9: 176 | E9: 176 | F9: 176 | G9: 176 | H9: 176 | I9: 176 | J9: 176 | K9: 176 | L9: 176 | M9: 176 | N9: 176 | O9: =176*12 -> 2112
B11: R. Botha | C11: 0 | D11: 0 | E11: 0 | F11: 0 | G11: 0 | H11: 0 | I11: 0 | J11: 0 | K11: 0 | L11: 0 | M11: 0 | N11: 0 | O11: =SUM(C11:N11) -> 0
B12: Available hrs | C12: 176 | D12: 176 | E12: 176 | F12: 176 | G12: 176 | H12: 176 | I12: 176 | J12: 176 | K12: 176 | L12: 176 | M12: 176 | N12: 176 | O12: =176*12 -> 2112
B14: K. Sithole | C14: 0 | D14: 0 | E14: 0 | F14: 0 | G14: 0 | H14: 0 | I14: 0 | J14: 0 | K14: 0 | L14: 0 | M14: 0 | N14: 0 | O14: =SUM(C14:N14) -> 0
B15: Available hrs | C15: 176 | D15: 176 | E15: 176 | F15: 176 | G15: 176 | H15: 176 | I15: 176 | J15: 176 | K15: 176 | L15: 176 | M15: 176 | N15: 176 | O15: =176*12 -> 2112
B17: J. van Wyk | C17: 0 | D17: 0 | E17: 0 | F17: 0 | G17: 0 | H17: 0 | I17: 0 | J17: 0 | K17: 0 | L17: 0 | M17: 0 | N17: 0 | O17: =SUM(C17:N17) -> 0
B18: Available hrs | C18: 176 | D18: 176 | E18: 176 | F18: 176 | G18: 176 | H18: 176 | I18: 176 | J18: 176 | K18: 176 | L18: 176 | M18: 176 | N18: 176 | O18: =176*12 -> 2112
B20: A. Mahlangu | C20: 0 | D20: 0 | E20: 0 | F20: 0 | G20: 0 | H20: 0 | I20: 0 | J20: 0 | K20: 0 | L20: 0 | M20: 0 | N20: 0 | O20: =SUM(C20:N20) -> 0
B21: Available hrs | C21: 176 | D21: 176 | E21: 176 | F21: 176 | G21: 176 | H21: 176 | I21: 176 | J21: 176 | K21: 176 | L21: 176 | M21: 176 | N21: 176 | O21: =176*12 -> 2112

Sheet 📊 KPIs
B2: KPI SUMMARY — Auto-calculated from Work Order Register
B5: PM COMPLIANCE | C5: % of planned WOs completed on time | D5: =IFERROR(COUNTIFS('📋 Work Orders'!G5:G104,"Complete")/COUNTA('📋 Work Orders'!B5:B104),0) -> 0 | E5: Target: ≥ 85%
B7: SCHEDULE ADHERENCE | C7: WOs completed vs total WOs raised | D7: =IFERROR(COUNTIF('📋 Work Orders'!G5:G104,"Complete")/COUNTA('📋 Work Orders'!B5:B104),0) -> 0 | E7: Target: ≥ 90%
B9: TOTAL WORK ORDERS | C9: All WOs in the register | D9: =COUNTA('📋 Work Orders'!B5:B104) -> 10
B11: OPEN WORK ORDERS | C11: WOs with status = Planned or In Progress | D11: =COUNTIFS('📋 Work Orders'!G5:G104,"Planned")+COUNTIFS('📋 Work Orders'!G5:G104,"In Progress") -> 10
B13: OVERDUE WORK ORDERS | C13: WOs with status = Overdue | D13: =COUNTIF('📋 Work Orders'!G5:G104,"Overdue") -> 0 | E13: Target: 0
B15: BACKLOG HOURS | C15: Est. hours on open + overdue WOs | D15: =SUMPRODUCT((('📋 Work Orders'!G5:G104="Planned")+('📋 Work Orders'!G5:G104="Overdue")>0)*'📋 Work Orders'!K5:K104) -> 195
B17: TOTAL EST. COST | C17: Sum of all estimated costs (R) | D17: ='📋 Work Orders'!M105 -> 102800
B19: CRITICAL WOs OPEN | C19: Priority = Critical AND status ≠ Complete | D19: =COUNTIFS('📋 Work Orders'!F5:F104,"Critical",'📋 Work Orders'!G5:G104,"<>Complete") -> 2 | E19: Target: 0
