Workbook

Sheet 📋 Bearing Failure Analysis
B2: BEARING FAILURE ANALYSIS SHEET
B3: ► Document the failed bearing before disposal. Attach photos if possible. Yellow = fill in.
B4: Date of Failure: | E4: Equipment Tag:
B5: Equipment Name: | E5: Bearing Position (DE/NDE/Other):
B6: Bearing Manufacturer: | E6: Bearing Part Number:
B7: Bearing Type (e.g. Deep Groove Ball): | E7: Bearing Size (bore × OD × width):
B8: Hours in Service: | E8: Hours Since Last Replacement:
B9: Analyst: | E9: Work Order #:
B11: SECTION 1 — FAILURE MODE CLASSIFICATION
B12: Failure Mode | D12: Visual Indicators | F12: Tick if Observed | G12: Severity (1-5) | H12: Notes | I12: Frequency (1-5) | J12: Risk Score | K12: Probable Root Cause | L12: Evidence Ref | M12: Priority
B13: Rolling Contact Fatigue | D13: Spalling / pitting on raceway or rolling elements | J13: =IF(OR(F13="",G13="",I13=""),"",G13*I13)
B14: Wear (Abrasive) | D14: Scratching / scoring on races; dull grey surface | J14: =IF(OR(F14="",G14="",I14=""),"",G14*I14)
B15: Wear (Adhesive / Smearing) | D15: Metal transfer between surfaces; smear marks | J15: =IF(OR(F15="",G15="",I15=""),"",G15*I15)
B16: Corrosion | D16: Rust pitting; reddish-brown deposits on races | J16: =IF(OR(F16="",G16="",I16=""),"",G16*I16)
B17: Fretting Corrosion | D17: Red-brown powder at bore/OD fit; fretted surfaces | J17: =IF(OR(F17="",G17="",I17=""),"",G17*I17)
B18: Electrical Pitting (Fluting) | D18: Regular fluting / washboard pattern on raceway | J18: =IF(OR(F18="",G18="",I18=""),"",G18*I18)
B19: Brinelling (Static Overload) | D19: Dents in raceway matching rolling element spacing | J19: =IF(OR(F19="",G19="",I19=""),"",G19*I19)
B20: False Brinelling (Vibration) | D20: Dull, elliptical dents; bearing not rotating | J20: =IF(OR(F20="",G20="",I20=""),"",G20*I20)
B21: Fracture / Cracking | D21: Cracks or fracture of ring, cage or rolling element | J21: =IF(OR(F21="",G21="",I21=""),"",G21*I21)
B22: Cage Failure | D22: Deformed, cracked or worn cage | J22: =IF(OR(F22="",G22="",I22=""),"",G22*I22)
B23: Lubrication Failure | D23: Discoloured/burnt grease; overheating marks; seizure | J23: =IF(OR(F23="",G23="",I23=""),"",G23*I23)
B24: Contamination | D24: Scoring from hard particles; embedded debris | J24: =IF(OR(F24="",G24="",I24=""),"",G24*I24)
... B26: Overloading | D26: Spalling over full raceway width; heavy wear | J26: =IF(OR(F26="",G26="",I26=""),"",G26*I26)
B28: SECTION 2 — ROOT CAUSE DETERMINATION
B29: Primary Failure Mode (from above):
B30: Root Cause (installation / design / maintenance / operation / material):
B31: Contributing Factors:
B32: Was lubrication correct? (type, quantity, interval):
B33: Was installation correct? (fit, preload, handling):
B34: Were operating conditions within spec? (load, speed, temp):
B36: SECTION 3 — CORRECTIVE ACTIONS
B37: Corrective Action | E37: Responsible | F37: Target Date | G37: Status | H37: WO#
B44: SECTION 4 — REPLACEMENT BEARING DETAILS
B45: Replacement Bearing P/N: | E45: Replacement Bearing Manufacturer:
B46: Date Installed: | E46: Installed By:
B47: Lubrication Type/Grade Used: | E47: Quantity (g or ml):
B48: Installation Method (press/puller/induction): | E48: Interference Fit Measured:
B50: Analyst Signature: | D50: Supervisor Sign-off: | F50: Date: | G50: Distribution:

Sheet Premium Guide
A1: Bearing Failure Analysis Sheet — PREMIUM UPGRADE GUIDE
A2: Original template preserved. Added premium sheets turn the file into a semi-automated maintenance management tool.
A4: Step | B4: What to do | C4: Outcome
A5: 1 | B5: Enter field data | C5: Complete the original inspection/report sheet. Yellow cells and result columns are input fields.
A6: 2 | B6: Use dropdowns | C6: Use standardised results, priority, status, criticality and RCA decision fields to keep data clean.
A7: 3 | B7: Review dashboard | C7: Open the dashboard/summary sheet to view compliance, open actions, overdue actions and management risk indicators.
A8: 4 | B8: Close actions | C8: Transfer defects/recommendations to the Action Tracker with owner, due date, status and verification evidence.
A9: 5 | B9: Issue report | C9: Use the original form for site records and the added registers for meetings, audits and maintenance planning.
A12: Upgrades Implemented
A13: • Risk scoring added: severity × frequency by failure mode.
A14: • Photo/evidence log added for races, cage, rolling elements, shaft fit, housing fit and lubricant evidence.
A15: • Diagnostic guide added to link symptoms to likely causes and checks.
A16: • Action tracker added with due dates, status, close-out verification and overdue calculation.
A17: • Dashboard added for observed failure modes, maximum risk, critical findings and action status.

Sheet Lists
A1: CONTROL LISTS / DROPDOWNS
A2: Edit these lists if your site uses different status, priority, failure mode or criticality labels.
A4: Status | B4: Priority | C4: Result | D4: Severity | E4: Failure Mode | F4: Criticality | G4: Shift | H4: RCA Required
A5: Open | B5: Critical | C5: ✓ | D5: 1 | E5: Mechanical | F5: A - Critical | G5: Day | H5: Yes
A6: In Progress | B6: High | C6: ✗ | D6: 2 | E6: Electrical | F6: B - Important | G6: Night | H6: No
A7: Complete | B7: Medium | C7: N/A | D7: 3 | E7: Lubrication | F7: C - General | G7: A | H7: TBC
A8: Overdue | B8: Low | C8: Monitor | D8: 4 | E8: Hydraulic | G8: B
A9: Deferred | B9: Monitor | D9: 5 | E9: Pneumatic | G9: C
A10: Cancelled | E10: Instrumentation | G10: D
A11: Verified | E11: Process
E12: Operator
E13: Design
E14: Unknown

Sheet Action Tracker
A1: ACTION TRACKER
A2: Central register for defects, recommendations, close-out dates, and verification.
A4: Source/Sheet | B4: Asset / Equipment | C4: Finding / Defect | D4: Risk / Impact | E4: Priority | F4: Responsible Person | G4: Due Date | H4: Status | I4: Close-out Date | J4: Verification / Evidence | K4: Days Overdue
H5: Open | K5: =IF(AND(G5<>"",H5<>"Complete",H5<>"Verified"),MAX(0,TODAY()-G5),0) -> 0
H6: Open | K6: =IF(AND(G6<>"",H6<>"Complete",H6<>"Verified"),MAX(0,TODAY()-G6),0) -> 0
H7: Open | K7: =IF(AND(G7<>"",H7<>"Complete",H7<>"Verified"),MAX(0,TODAY()-G7),0) -> 0
H8: Open | K8: =IF(AND(G8<>"",H8<>"Complete",H8<>"Verified"),MAX(0,TODAY()-G8),0) -> 0
H9: Open | K9: =IF(AND(G9<>"",H9<>"Complete",H9<>"Verified"),MAX(0,TODAY()-G9),0) -> 0
H10: Open | K10: =IF(AND(G10<>"",H10<>"Complete",H10<>"Verified"),MAX(0,TODAY()-G10),0) -> 0
H11: Open | K11: =IF(AND(G11<>"",H11<>"Complete",H11<>"Verified"),MAX(0,TODAY()-G11),0) -> 0
H12: Open | K12: =IF(AND(G12<>"",H12<>"Complete",H12<>"Verified"),MAX(0,TODAY()-G12),0) -> 0
H13: Open | K13: =IF(AND(G13<>"",H13<>"Complete",H13<>"Verified"),MAX(0,TODAY()-G13),0) -> 0
H14: Open | K14: =IF(AND(G14<>"",H14<>"Complete",H14<>"Verified"),MAX(0,TODAY()-G14),0) -> 0
H15: Open | K15: =IF(AND(G15<>"",H15<>"Complete",H15<>"Verified"),MAX(0,TODAY()-G15),0) -> 0
H16: Open | K16: =IF(AND(G16<>"",H16<>"Complete",H16<>"Verified"),MAX(0,TODAY()-G16),0) -> 0
... H34: Open | K34: =IF(AND(G34<>"",H34<>"Complete",H34<>"Verified"),MAX(0,TODAY()-G34),0) -> 0

Sheet Photo Evidence Log
A1: PHOTO EVIDENCE LOG
A2: Record photo evidence references; paste links to shared folders/CMMS records rather than inserting large images into the workbook.
A4: Photo Ref | B4: Bearing / Equipment | C4: Component / Location | D4: Finding Shown | E4: File/Folder Link | F4: Taken By | G4: Date | H4: Severity | I4: Action Ref | J4: Notes
A5: PH-001
A6: PH-002
A7: PH-003
A8: PH-004
A9: PH-005
A10: PH-006
A11: PH-007
A12: PH-008
A13: PH-009
A14: PH-010
A15: PH-011
A16: PH-012
... A19: PH-015

Sheet Diagnosis Guide
A1: BEARING FAILURE DIAGNOSIS GUIDE
A2: Use this as a quick interpretation aid before confirming the root cause with evidence.
A4: Visual symptom | B4: Likely cause | C4: Evidence to check | D4: Typical corrective action
A5: Spalling / pitting | B5: Rolling contact fatigue or overload | C5: Check load, alignment, service hours, vibration trend | D5: Review bearing selection and load case
A6: Grey scoring / scratches | B6: Abrasive contamination | C6: Inspect seals, grease cleanliness, storage/handling practices | D6: Improve sealing and lube cleanliness
A7: Smearing / discolouration | B7: Lubrication starvation or overheating | C7: Check grease quantity, interval, viscosity, operating temperature | D7: Correct lubricant and relube interval
A8: Rust / pitting | B8: Water ingress or poor storage | C8: Inspect seals, washdown practice, storage conditions | D8: Improve sealing and contamination control
A9: Fluting / washboard marks | B9: Electrical current passage | C9: Check motor grounding, VFD, insulated bearing requirement | D9: Install grounding brush/insulated bearing
A10: Red-brown powder at fit | B10: Fretting from loose fit/micro-movement | C10: Measure shaft and housing fits | D10: Restore fits, sleeve or replace housing/shaft
A11: Cage deformation | B11: Misalignment, shock load or poor handling | C11: Inspect mounting method, shaft shoulder, bearing seating | D11: Correct installation procedure

Sheet Premium Dashboard
A1: BEARING FAILURE DASHBOARD
A2: Risk-based summary for maintenance review and corrective action prioritisation.
A4: Metric | B4: Value | C4: Interpretation
A5: Observed failure modes | B5: =COUNTIF('📋 Bearing Failure Analysis'!F13:F26,"✓")+COUNTIF('📋 Bearing Failure Analysis'!F13:F26,"Observed") -> 0 | C5: Failure modes ticked/observed
A6: Maximum severity | B6: =MAX('📋 Bearing Failure Analysis'!G13:G26) -> 0 | C6: Highest entered severity
A7: Maximum risk score | B7: =MAX('📋 Bearing Failure Analysis'!J13:J26) -> 0 | C7: Severity × frequency
A8: Critical priorities | B8: =COUNTIF('📋 Bearing Failure Analysis'!M13:M26,"Critical") -> 0 | C8: Failure modes marked Critical
A9: Open actions | B9: =COUNTIFS('Action Tracker'!H:H,"<>Complete",'Action Tracker'!H:H,"<>Verified",'Action Tracker'!A:A,"<>") -> 3 | C9: Actions not closed
A10: Overdue actions | B10: =COUNTIFS('Action Tracker'!G:G,"<"&TODAY(),'Action Tracker'!H:H,"<>Complete",'Action Tracker'!H:H,"<>Verified",'Action Tracker'!A:A,"<>") -> 0 | C10: Actions past due
A11: RCA status | B11: =IF(B10>0,"OVERDUE",IF(B9>0,"ACTIONS OPEN","CONTROLLED")) -> ACTIONS OPEN | C11: Management status
A12: Recommended next step | B12: =IF(B7>=15,"Immediate corrective action and supervisor review",IF(B5>0,"Complete evidence log and close actions","Enter failure evidence")) -> Enter failure evidence | C12: Automated guidance
