Workbook

Sheet 🛢 Lubrication Schedule
B2: LUBRICATION SCHEDULE & REGISTER
B3: ► Yellow = fill in. Frequency codes: D=Daily W=Weekly M=Monthly Q=Quarterly A=Annual
B4: Facility: | E4: Year: | G4: Prepared by: | J4: Approved by:
B5: Equip. Tag | C5: Equipment Name / Description | D5: Lube Point | E5: Lubricant Type | F5: Grade / Spec | G5: Frequency | H5: Qty (g/ml) | I5: Method | J5: Jan–Mar | K5: Apr–Jun | L5: Jul–Sep | M5: Oct–Dec | N5: Last Done | O5: Next Due | P5: Completed? | Q5: Overdue? | R5: Route | S5: Responsible
B6: P-101 | C6: Feed Pump | D6: Drive End Bearing | E6: Shell Gadus S2 | F6: V100 2 | G6: M | H6: 30 | I6: Grease gun | J6: Jan/Apr/Jul/Oct | K6: Feb/May/Aug/Nov | L6: Mar/Jun/Sep/Dec | M6: Jan | O6: =IF(N6="","",N6+IF(G6="D",1,IF(G6="W",7,IF(G6="M",30,IF(G6="Q",91,IF(G6="A",365,IF(G6="6M",182,30))))))) | Q6: =IF(O6="","",IF(O6<TODAY(),"YES","NO"))
B7: P-101 | C7: Feed Pump | D7: Non-Drive End Bearing | E7: Shell Gadus S2 | F7: V100 2 | G7: M | H7: 20 | I7: Grease gun | O7: =IF(N7="","",N7+IF(G7="D",1,IF(G7="W",7,IF(G7="M",30,IF(G7="Q",91,IF(G7="A",365,IF(G7="6M",182,30))))))) | Q7: =IF(O7="","",IF(O7<TODAY(),"YES","NO"))
B8: P-101 | C8: Feed Pump | D8: Mechanical Seal Flush | E8: Clean water | F8: N/A | G8: D | H8: — | I8: Check only | O8: =IF(N8="","",N8+IF(G8="D",1,IF(G8="W",7,IF(G8="M",30,IF(G8="Q",91,IF(G8="A",365,IF(G8="6M",182,30))))))) | Q8: =IF(O8="","",IF(O8<TODAY(),"YES","NO"))
B9: P-102 | C9: Tailings Pump | D9: Drive End Bearing | E9: Mobil Polyrex EM | F9: EM | G9: M | H9: 30 | I9: Grease gun | O9: =IF(N9="","",N9+IF(G9="D",1,IF(G9="W",7,IF(G9="M",30,IF(G9="Q",91,IF(G9="A",365,IF(G9="6M",182,30))))))) | Q9: =IF(O9="","",IF(O9<TODAY(),"YES","NO"))
B10: CV-001 | C10: Primary Conveyor | D10: Head Pulley Bearings | E10: Shell Gadus S3 | F10: V460D 2 | G10: Q | H10: 50 | I10: Grease gun | O10: =IF(N10="","",N10+IF(G10="D",1,IF(G10="W",7,IF(G10="M",30,IF(G10="Q",91,IF(G10="A",365,IF(G10="6M",182,30))))))) | Q10: =IF(O10="","",IF(O10<TODAY(),"YES","NO"))
B11: CV-001 | C11: Primary Conveyor | D11: Tail Pulley Bearings | E11: Shell Gadus S3 | F11: V460D 2 | G11: Q | H11: 50 | I11: Grease gun | O11: =IF(N11="","",N11+IF(G11="D",1,IF(G11="W",7,IF(G11="M",30,IF(G11="Q",91,IF(G11="A",365,IF(G11="6M",182,30))))))) | Q11: =IF(O11="","",IF(O11<TODAY(),"YES","NO"))
B12: CV-001 | C12: Primary Conveyor | D12: All Carry Idlers | E12: Shell Gadus S2 | F12: V100 2 | G12: 6M | H12: 10 | I12: Grease gun | O12: =IF(N12="","",N12+IF(G12="D",1,IF(G12="W",7,IF(G12="M",30,IF(G12="Q",91,IF(G12="A",365,IF(G12="6M",182,30))))))) | Q12: =IF(O12="","",IF(O12<TODAY(),"YES","NO"))
B13: GB-001 | C13: Crusher Gearbox | D13: Gearbox Oil Sump | E13: Shell Omala S4 GX | F13: 220 | G13: A | H13: 45L | I13: Oil change | O13: =IF(N13="","",N13+IF(G13="D",1,IF(G13="W",7,IF(G13="M",30,IF(G13="Q",91,IF(G13="A",365,IF(G13="6M",182,30))))))) | Q13: =IF(O13="","",IF(O13<TODAY(),"YES","NO"))
B14: GB-001 | C14: Crusher Gearbox | D14: Gearbox Oil Top-up | E14: Shell Omala S4 GX | F14: 220 | G14: M | H14: Check | I14: Dipstick | O14: =IF(N14="","",N14+IF(G14="D",1,IF(G14="W",7,IF(G14="M",30,IF(G14="Q",91,IF(G14="A",365,IF(G14="6M",182,30))))))) | Q14: =IF(O14="","",IF(O14<TODAY(),"YES","NO"))
B15: GB-002 | C15: Mill Gearbox | D15: Gearbox Oil Sump | E15: Mobil SHC 630 | F15: 320 | G15: A | H15: 80L | I15: Oil change | O15: =IF(N15="","",N15+IF(G15="D",1,IF(G15="W",7,IF(G15="M",30,IF(G15="Q",91,IF(G15="A",365,IF(G15="6M",182,30))))))) | Q15: =IF(O15="","",IF(O15<TODAY(),"YES","NO"))
B16: M-101 | C16: Primary Crusher | D16: Eccentric Shaft Bearings | E16: Mobil SHC 639 | F16: — | G16: M | H16: 100 | I16: Grease gun | O16: =IF(N16="","",N16+IF(G16="D",1,IF(G16="W",7,IF(G16="M",30,IF(G16="Q",91,IF(G16="A",365,IF(G16="6M",182,30))))))) | Q16: =IF(O16="","",IF(O16<TODAY(),"YES","NO"))
B17: M-102 | C17: Ball Mill | D17: Trunnion Bearings | E17: Shell Omala S4 WE | F17: 680 | G17: W | H17: 500 | I17: Pressure lube | O17: =IF(N17="","",N17+IF(G17="D",1,IF(G17="W",7,IF(G17="M",30,IF(G17="Q",91,IF(G17="A",365,IF(G17="6M",182,30))))))) | Q17: =IF(O17="","",IF(O17<TODAY(),"YES","NO"))
B18: C-101 | C18: Air Compressor | D18: Compressor Oil | E18: Atlas Copco Roto-Inject | F18: 46 | G18: Q | H18: Change | I18: Oil change | O18: =IF(N18="","",N18+IF(G18="D",1,IF(G18="W",7,IF(G18="M",30,IF(G18="Q",91,IF(G18="A",365,IF(G18="6M",182,30))))))) | Q18: =IF(O18="","",IF(O18<TODAY(),"YES","NO"))
B19: FN-001 | C19: Cooling Fan | D19: Motor Bearings | E19: Shell Alvania EP | F19: 2 | G19: 6M | H19: 25 | I19: Grease gun

Sheet 📦 Lubricant Register
B2: LUBRICANT PRODUCT REGISTER
B3: ► List all lubricants used on site. Assign a colour code label for easy identification in the field.
B4: Lubricant Name / Brand | C4: Grade / Viscosity | D4: Application | E4: Colour Code | F4: Storage Location | G4: Min Stock (units) | H4: Current Stock
B5: Shell Gadus S2 V100 2 | C5: NLGI 2 Grease | D5: General bearings | E5: Yellow | F5: Lube store Bay A | G5: 10 tubs
B6: Shell Gadus S3 V460D 2 | C6: NLGI 2 Grease | D6: Heavy duty bearings | E6: Red | F6: Lube store Bay A | G6: 5 tubs
B7: Shell Omala S4 GX 220 | C7: ISO VG 220 Gear oil | D7: Gearboxes | E7: Blue | F7: Drum store | G7: 2 x 200L
B8: Shell Omala S4 WE 680 | C8: ISO VG 680 Gear oil | D8: Mill gearboxes | E8: Blue stripe | F8: Drum store | G8: 1 x 200L
B9: Mobil SHC 630 | C9: ISO VG 320 Synthetic | D9: High-speed gearbox | E9: Green | F9: Drum store | G9: 1 x 200L
B10: Mobil Polyrex EM | C10: NLGI 2 Polyurea | D10: Electric motor bearings | E10: Orange | F10: Lube store Bay B | G10: 5 tubs
B11: Atlas Copco Roto-Inject 46 | C11: Compressor oil | D11: Air compressors | E11: White | F11: Compressor room | G11: 4 x 20L
B12: Shell Alvania EP 2 | C12: NLGI 2 Grease | D12: Fan / light bearings | E12: Green stripe | F12: Lube store Bay B | G12: 5 tubs
B13: Clean water (demineralised) | C13: N/A | D13: Pump seal flush | E13: Clear | F13: Water supply | G13: Continuous

Sheet Premium Guide
A1: Lubrication Schedule Template — PREMIUM UPGRADE GUIDE
A2: Original template preserved. Added premium sheets turn the file into a semi-automated maintenance management tool.
A4: Step | B4: What to do | C4: Outcome
A5: 1 | B5: Enter field data | C5: Complete the original inspection/report sheet. Yellow cells and result columns are input fields.
A6: 2 | B6: Use dropdowns | C6: Use standardised results, priority, status, criticality and RCA decision fields to keep data clean.
A7: 3 | B7: Review dashboard | C7: Open the dashboard/summary sheet to view compliance, open actions, overdue actions and management risk indicators.
A8: 4 | B8: Close actions | C8: Transfer defects/recommendations to the Action Tracker with owner, due date, status and verification evidence.
A9: 5 | B9: Issue report | C9: Use the original form for site records and the added registers for meetings, audits and maintenance planning.
A12: Upgrades Implemented
A13: • Next due date, completion status and overdue logic added to the schedule.
A14: • Lubricant stock/reorder tracker added with minimum stock and reorder alert.
A15: • Route-based lubrication sheet added for technician execution.
A16: • Monthly lubrication calendar added for planning due work.
A17: • Compliance dashboard added for due, completed, overdue and low-stock indicators.

Sheet Lists
A1: CONTROL LISTS / DROPDOWNS
A2: Edit these lists if your site uses different status, priority, failure mode or criticality labels.
A4: Status | B4: Priority | C4: Result | D4: Severity | E4: Failure Mode | F4: Criticality | G4: Shift | H4: RCA Required
A5: Open | B5: Critical | C5: ✓ | D5: 1 | E5: Mechanical | F5: A - Critical | G5: Day | H5: Yes
A6: In Progress | B6: High | C6: ✗ | D6: 2 | E6: Electrical | F6: B - Important | G6: Night | H6: No
A7: Complete | B7: Medium | C7: N/A | D7: 3 | E7: Lubrication | F7: C - General | G7: A | H7: TBC
A8: Overdue | B8: Low | C8: Monitor | D8: 4 | E8: Hydraulic | G8: B
A9: Deferred | B9: Monitor | D9: 5 | E9: Pneumatic | G9: C
A10: Cancelled | E10: Instrumentation | G10: D
A11: Verified | E11: Process
E12: Operator
E13: Design
E14: Unknown

Sheet Action Tracker
A1: ACTION TRACKER
A2: Central register for defects, recommendations, close-out dates, and verification.
A4: Source/Sheet | B4: Asset / Equipment | C4: Finding / Defect | D4: Risk / Impact | E4: Priority | F4: Responsible Person | G4: Due Date | H4: Status | I4: Close-out Date | J4: Verification / Evidence | K4: Days Overdue
H5: Open | K5: =IF(AND(G5<>"",H5<>"Complete",H5<>"Verified"),MAX(0,TODAY()-G5),0) -> 0
H6: Open | K6: =IF(AND(G6<>"",H6<>"Complete",H6<>"Verified"),MAX(0,TODAY()-G6),0) -> 0
H7: Open | K7: =IF(AND(G7<>"",H7<>"Complete",H7<>"Verified"),MAX(0,TODAY()-G7),0) -> 0
H8: Open | K8: =IF(AND(G8<>"",H8<>"Complete",H8<>"Verified"),MAX(0,TODAY()-G8),0) -> 0
H9: Open | K9: =IF(AND(G9<>"",H9<>"Complete",H9<>"Verified"),MAX(0,TODAY()-G9),0) -> 0
H10: Open | K10: =IF(AND(G10<>"",H10<>"Complete",H10<>"Verified"),MAX(0,TODAY()-G10),0) -> 0
H11: Open | K11: =IF(AND(G11<>"",H11<>"Complete",H11<>"Verified"),MAX(0,TODAY()-G11),0) -> 0
H12: Open | K12: =IF(AND(G12<>"",H12<>"Complete",H12<>"Verified"),MAX(0,TODAY()-G12),0) -> 0
H13: Open | K13: =IF(AND(G13<>"",H13<>"Complete",H13<>"Verified"),MAX(0,TODAY()-G13),0) -> 0
H14: Open | K14: =IF(AND(G14<>"",H14<>"Complete",H14<>"Verified"),MAX(0,TODAY()-G14),0) -> 0
H15: Open | K15: =IF(AND(G15<>"",H15<>"Complete",H15<>"Verified"),MAX(0,TODAY()-G15),0) -> 0
H16: Open | K16: =IF(AND(G16<>"",H16<>"Complete",H16<>"Verified"),MAX(0,TODAY()-G16),0) -> 0
... H34: Open | K34: =IF(AND(G34<>"",H34<>"Complete",H34<>"Verified"),MAX(0,TODAY()-G34),0) -> 0

Sheet Stock & Reorder
A1: LUBRICANT STOCK & REORDER TRACKER
A2: Control lubricant availability and reduce missed lubrication due to stock-outs.
A4: Lubricant | B4: Grade/Spec | C4: Container Size | D4: Current Stock Qty | E4: Minimum Stock Qty | F4: Monthly Use Forecast | G4: Reorder Required? | H4: Supplier | I4: Lead Time (days) | J4: Notes
G5: =IF(OR(D5="",E5=""),"",IF(D5<=E5,"YES","NO"))
G6: =IF(OR(D6="",E6=""),"",IF(D6<=E6,"YES","NO"))
G7: =IF(OR(D7="",E7=""),"",IF(D7<=E7,"YES","NO"))
G8: =IF(OR(D8="",E8=""),"",IF(D8<=E8,"YES","NO"))
G9: =IF(OR(D9="",E9=""),"",IF(D9<=E9,"YES","NO"))
G10: =IF(OR(D10="",E10=""),"",IF(D10<=E10,"YES","NO"))
G11: =IF(OR(D11="",E11=""),"",IF(D11<=E11,"YES","NO"))
G12: =IF(OR(D12="",E12=""),"",IF(D12<=E12,"YES","NO"))
G13: =IF(OR(D13="",E13=""),"",IF(D13<=E13,"YES","NO"))
G14: =IF(OR(D14="",E14=""),"",IF(D14<=E14,"YES","NO"))
G15: =IF(OR(D15="",E15=""),"",IF(D15<=E15,"YES","NO"))
G16: =IF(OR(D16="",E16=""),"",IF(D16<=E16,"YES","NO"))
... G24: =IF(OR(D24="",E24=""),"",IF(D24<=E24,"YES","NO"))

Sheet Route Sheets
A1: ROUTE-BASED LUBRICATION EXECUTION SHEET
A2: Filter or copy rows by route for daily/weekly technician work packs.
A4: Route | B4: Due Date | C4: Equip. Tag | D4: Equipment | E4: Lube Point | F4: Lubricant | G4: Qty | H4: Method | I4: Done? | J4: Technician | K4: Comments
A5: Route 1 | I5: No
A6: Route 1 | I6: No
A7: Route 1 | I7: No
A8: Route 1 | I8: No
A9: Route 1 | I9: No
A10: Route 1 | I10: No
A11: Route 1 | I11: No
A12: Route 1 | I12: No
A13: Route 1 | I13: No
A14: Route 1 | I14: No
A15: Route 1 | I15: No
A16: Route 1 | I16: No
... A19: Route 1 | I19: No

Sheet Monthly Calendar
A1: MONTHLY LUBRICATION CALENDAR
A2: Use for planning and reviewing due lubrication work by month.
A4: Equip. Tag | B4: Lube Point | C4: Jan | D4: Feb | E4: Mar | F4: Apr | G4: May | H4: Jun | I4: Jul | J4: Aug | K4: Sep | L4: Oct | M4: Nov | N4: Dec

Sheet Compliance Dashboard
A1: LUBRICATION COMPLIANCE DASHBOARD
A2: Due, completed, overdue and low-stock indicators.
A4: Metric | B4: Value | C4: Interpretation
A5: Total lube points | B5: =COUNTA('🛢 Lubrication Schedule'!B6:B100) -> 14 | C5: Rows in lubrication schedule
A6: Completed | B6: =COUNTIF('🛢 Lubrication Schedule'!P:P,"Yes") -> 0 | C6: Completed rows
A7: Overdue | B7: =COUNTIF('🛢 Lubrication Schedule'!Q:Q,"YES") -> 0 | C7: Next due date has passed
A8: Completion % | B8: =IFERROR(B6/B5,0) -> 0 | C8: Completed ÷ total points
A9: Low stock items | B9: =COUNTIF('Stock & Reorder'!G:G,"YES") -> 0 | C9: Items needing reorder
A10: Open actions | B10: =COUNTIFS('Action Tracker'!H:H,"<>Complete",'Action Tracker'!H:H,"<>Verified",'Action Tracker'!A:A,"<>") -> 3 | C10: Open action tracker items
A11: Overall status | B11: =IF(B8>0,"OVERDUE LUBE",IF(B10>0,"STOCK RISK","CONTROLLED")) -> STOCK RISK | C11: Management interpretation
